-- 기존 테이블 삭제
DROP TABLE IF EXISTS comtnemplyrinfo;
DROP TABLE IF EXISTS comtnorgnztinfo;
DROP TABLE IF EXISTS crm_customer;

-- 조직 테이블
CREATE TABLE comtnorgnztinfo (
  ORGNZT_ID CHAR(20) NOT NULL,
  ORGNZT_NM VARCHAR(20) NOT NULL,
  ORGNZT_DC VARCHAR(100),
  PRIMARY KEY (ORGNZT_ID),
  UNIQUE (ORGNZT_ID)
);

-- 조직 샘플 데이터
INSERT INTO comtnorgnztinfo (ORGNZT_ID, ORGNZT_NM, ORGNZT_DC) VALUES
  ('ORGNZT_0000000000000','영업부','영업 활동 및 매출 관리'),
  ('ORGNZT_0000000000001','개발팀','서비스/시스템 개발'),
  ('ORGNZT_0000000000002','경영지원팀','인사/총무/재무 지원');

-- 직원 테이블
CREATE TABLE comtnemplyrinfo (
  EMPLYR_ID VARCHAR(20) NOT NULL,
  ORGNZT_ID CHAR(20),
  USER_NM VARCHAR(60) NOT NULL,
  SEXDSTN_CODE CHAR(1),
  BRTHDY CHAR(20),
  MBTLNUM VARCHAR(20),
  EMAIL_ADRES VARCHAR(50),
  OFCPS_NM VARCHAR(60),
  EMPLYR_STTUS_CODE CHAR(1),
  REG_DTTM DATETIME,
  MOD_DTTM DATETIME,
  PRIMARY KEY (EMPLYR_ID),
  UNIQUE (EMPLYR_ID),
  INDEX i01 (ORGNZT_ID)
);

-- 직원 샘플 데이터
INSERT INTO comtnemplyrinfo
(EMPLYR_ID, ORGNZT_ID, USER_NM, SEXDSTN_CODE, BRTHDY, MBTLNUM, EMAIL_ADRES, OFCPS_NM, EMPLYR_STTUS_CODE, REG_DTTM, MOD_DTTM) VALUES
('9201011234','ORGNZT_0000000000000','홍길동','M','19920101','010-1000-0001','hong1@example.com','부장','P','2025-08-08 09:00:00','2025-08-08 09:00:00'),
('9505052311','ORGNZT_0000000000000','김영희','F','19950505','010-1000-0002','kimyh@example.com','차장','P','2025-08-08 09:00:00','2025-08-08 09:00:00'),
('8803159876','ORGNZT_0000000000000','박민수','M','19880315','010-1000-0003','parkms@example.com','대리','P','2025-08-08 09:00:00','2025-08-08 09:00:00'),
('9907124567','ORGNZT_0000000000000','이지은','F','19990712','010-1000-0004','leeje@example.com','사원','P','2025-08-08 09:00:00','2025-08-08 09:00:00'),

('9102033344','ORGNZT_0000000000001','최준호','M','19910203','010-2000-0001','choijh@example.com','팀장','P','2025-08-08 09:05:00','2025-08-08 09:05:00'),
('0001011122','ORGNZT_0000000000001','강서연','F','20000101','010-2000-0002','kangsy@example.com','과장','P','2025-08-08 09:05:00','2025-08-08 09:05:00'),
('9409187788','ORGNZT_0000000000001','오형석','M','19940918','010-2000-0003','ohs@example.com','대리','P','2025-08-08 09:05:00','2025-08-08 09:05:00'),
('9712256677','ORGNZT_0000000000001','윤다인','F','19971225','010-2000-0004','yoondi@example.com','주임','P','2025-08-08 09:05:00','2025-08-08 09:05:00'),
('8906028899','ORGNZT_0000000000001','정성훈','M','19890602','010-2000-0005','jungsh@example.com','사원','P','2025-08-08 09:05:00','2025-08-08 09:05:00'),

('9304104422','ORGNZT_0000000000002','문지현','F','19930410','010-3000-0001','moonjh@example.com','팀장','P','2025-08-08 09:10:00','2025-08-08 09:10:00'),
('8609075522','ORGNZT_0000000000002','배성민','M','19860907','010-3000-0002','baesm@example.com','대리','P','2025-08-08 09:10:00','2025-08-08 09:10:00'),
('9901012233','ORGNZT_0000000000002','안소희','F','19990101','010-3000-0003','ansohee@example.com','사원','P','2025-08-08 09:10:00','2025-08-08 09:10:00');

-- CRM 고객 테이블
CREATE TABLE crm_customer (
  CUSTOMER_ID VARCHAR(20) NOT NULL,
  NAME VARCHAR(100) NOT NULL,
  EMAIL VARCHAR(100),
  PHONE VARCHAR(20),
  REG_DTTM DATETIME NOT NULL,
  MOD_DTTM DATETIME,
  PRIMARY KEY (CUSTOMER_ID),
  UNIQUE (CUSTOMER_ID)
);

-- CRM 고객 샘플 데이터
INSERT INTO crm_customer (CUSTOMER_ID, NAME, EMAIL, PHONE, REG_DTTM, MOD_DTTM) VALUES
  ('CUST_0000000000001','홍길동','hong@example.com','010-4000-0001','2025-08-08 10:00:00','2025-08-08 10:00:00'),
  ('CUST_0000000000002','김영희','kim@example.com','010-4000-0002','2025-08-08 10:05:00','2025-08-08 10:05:00'),
  ('CUST_0000000000003','박철수','park@example.com','010-4000-0003','2025-08-08 10:10:00','2025-08-08 10:10:00');
